Workbook

Sheet Quarterly
A1: observation_date | B1: x_t | C1: a_t | D1: b_t | E1: s_t | F1: xhat_t | J1: alpha | K1: 0.2
E2: 0 | J2: beta | K2: 0.2
E3: 0 | J3: gamma | K3: 0.2
E4: 0
E5: 0 | H5: Initial slope estimates for b_1
A6: 32874 | B6: 91.975329 | C6: =B6 -> 91.975329 | D6: =AVERAGE(H6:H9) -> 1.1600662 | E6: =$K$3*(B6-C6)+(1-$K$3)*E2 -> 0 | F6: =C6+E6 -> 91.975329 | H6: =(B10-B6)/4 -> 2.5936439
A7: 32964 | B7: 66.359559 | C7: =$K$1*(B7-E3)+(1-$K$1)*(C6+D6) -> 87.780228 | D7: =$K$2*(C7-C6)+(1-$K$2)*D6 -> 0.089032722 | E7: =$K$3*(B7-C7)+(1-$K$3)*E3 -> -4.2841339 | F7: =C7+E7 -> 83.496094 | H7: =(B11-B7)/4 -> 1.395852
A8: 33055 | B8: 55.268194 | C8: =$K$1*(B8-E4)+(1-$K$1)*(C7+D7) -> 81.349047 | D8: =$K$2*(C8-C7)+(1-$K$2)*D7 -> -1.2150099 | E8: =$K$3*(B8-C8)+(1-$K$3)*E4 -> -5.2161707 | F8: =C8+E8 -> 76.132877 | H8: =(B12-B8)/4 -> -0.094314325
A9: 33147 | B9: 88.089579 | C9: =$K$1*(B9-E5)+(1-$K$1)*(C8+D8) -> 81.725146 | D9: =$K$2*(C9-C8)+(1-$K$2)*D8 -> -0.89678828 | E9: =$K$3*(B9-C9)+(1-$K$3)*E5 -> 1.2728866 | F9: =C9+E9 -> 82.998033 | H9: =(B13-B9)/4 -> 0.74508316
A10: 33239 | B10: 102.3499 | C10: =$K$1*(B10-E6)+(1-$K$1)*(C9+D9) -> 85.132667 | D10: =$K$2*(C10-C9)+(1-$K$2)*D9 -> -0.035926388 | E10: =$K$3*(B10-C10)+(1-$K$3)*E6 -> 3.4434476 | F10: =C10+E10 -> 88.576115
A11: 33329 | B11: 71.942967 | C11: =$K$1*(B11-E7)+(1-$K$1)*(C10+D10) -> 83.322813 | D11: =$K$2*(C11-C10)+(1-$K$2)*D10 -> -0.39071199 | E11: =$K$3*(B11-C11)+(1-$K$3)*E7 -> -5.7032763 | F11: =C11+E11 -> 77.619536
A12: 33420 | B12: 54.890937 | C12: =$K$1*(B12-E8)+(1-$K$1)*(C11+D11) -> 78.367102 | D12: =$K$2*(C12-C11)+(1-$K$2)*D11 -> -1.3037117 | E12: =$K$3*(B12-C12)+(1-$K$3)*E8 -> -8.8681696 | F12: =C12+E12 -> 69.498932
A13: 33512 | B13: 91.069912 | C13: =$K$1*(B13-E9)+(1-$K$1)*(C12+D12) -> 79.610117 | D13: =$K$2*(C13-C12)+(1-$K$2)*D12 -> -0.79436632 | E13: =$K$3*(B13-C13)+(1-$K$3)*E9 -> 3.3102682 | F13: =C13+E13 -> 82.920385
A14: 33604 | B14: 103.06669 | C14: =$K$1*(B14-E10)+(1-$K$1)*(C13+D13) -> 82.97725 | D14: =$K$2*(C14-C13)+(1-$K$2)*D13 -> 0.037933488 | E14: =$K$3*(B14-C14)+(1-$K$3)*E10 -> 6.7726468 | F14: =C14+E14 -> 89.749897
A15: 33695 | B15: 68.887183 | C15: =$K$1*(B15-E11)+(1-$K$1)*(C14+D14) -> 81.330239 | D15: =$K$2*(C15-C14)+(1-$K$2)*D14 -> -0.2990555 | E15: =$K$3*(B15-C15)+(1-$K$3)*E11 -> -7.0512322 | F15: =C15+E15 -> 74.279006
A16: 33786 | B16: 59.757556 | C16: =$K$1*(B16-E12)+(1-$K$1)*(C15+D15) -> 78.550092 | D16: =$K$2*(C16-C15)+(1-$K$2)*D15 -> -0.7952738 | E16: =$K$3*(B16-C16)+(1-$K$3)*E12 -> -10.853043 | F16: =C16+E16 -> 67.697049
A17: 33878 | B17: 96.426965 | C17: =$K$1*(B17-E13)+(1-$K$1)*(C16+D16) -> 80.827194 | D17: =$K$2*(C17-C16)+(1-$K$2)*D16 -> -0.18079862 | E17: =$K$3*(B17-C17)+(1-$K$3)*E13 -> 5.7681689 | F17: =C17+E17 -> 86.595363
A18: 33970 | B18: 103.55713 | C18: =$K$1*(B18-E14)+(1-$K$1)*(C17+D17) -> 83.874012 | D18: =$K$2*(C18-C17)+(1-$K$2)*D17 -> 0.46472484 | E18: =$K$3*(B18-C18)+(1-$K$3)*E14 -> 9.3547407 | F18: =C18+E18 -> 93.228753
A19: 34060 | B19: 73.376544 | C19: =$K$1*(B19-E15)+(1-$K$1)*(C18+D18) -> 83.556545 | D19: =$K$2*(C19-C18)+(1-$K$2)*D18 -> 0.30828642 | E19: =$K$3*(B19-C19)+(1-$K$3)*E15 -> -7.6769859 | F19: =C19+E19 -> 75.879559
A20: 34151 | B20: 63.907386 | C20: =$K$1*(B20-E16)+(1-$K$1)*(C19+D19) -> 82.043951 | D20: =$K$2*(C20-C19)+(1-$K$2)*D19 -> -0.05588968 | E20: =$K$3*(B20-C20)+(1-$K$3)*E16 -> -12.309747 | F20: =C20+E20 -> 69.734204
A21: 34243 | B21: 104.46255 | C21: =$K$1*(B21-E17)+(1-$K$1)*(C20+D20) -> 85.329324 | D21: =$K$2*(C21-C20)+(1-$K$2)*D20 -> 0.61236294 | E21: =$K$3*(B21-C21)+(1-$K$3)*E17 -> 8.4411794 | F21: =C21+E21 -> 93.770504
... A128: 44013 | B128: 85.233333 | C128: =$K$1*(B128-E124)+(1-$K$1)*(C127+D127) -> 99.950637 | D128: =$K$2*(C128-C127)+(1-$K$2)*D127 -> -0.27427731 | E128: =$K$3*(B128-C128)+(1-$K$3)*E124 -> -17.574447 | F128: =C128+E128 -> 82.376189

Sheet TS Plot
A1: observation_date | B1: x_t | C1: xhat_t
A2: GBRPREND401IXEBQ
A6: 32874 | B6: 91.975329 | C6: =Quarterly!F6 -> 91.975329
A7: 32964 | B7: 66.359559 | C7: =Quarterly!F7 -> 83.496094
A8: 33055 | B8: 55.268194 | C8: =Quarterly!F8 -> 76.132877
A9: 33147 | B9: 88.089579 | C9: =Quarterly!F9 -> 82.998033
A10: 33239 | B10: 102.3499 | C10: =Quarterly!F10 -> 88.576115
A11: 33329 | B11: 71.942967 | C11: =Quarterly!F11 -> 77.619536
A12: 33420 | B12: 54.890937 | C12: =Quarterly!F12 -> 69.498932
A13: 33512 | B13: 91.069912 | C13: =Quarterly!F13 -> 82.920385
A14: 33604 | B14: 103.06669 | C14: =Quarterly!F14 -> 89.749897
A15: 33695 | B15: 68.887183 | C15: =Quarterly!F15 -> 74.279006
A16: 33786 | B16: 59.757556 | C16: =Quarterly!F16 -> 67.697049
A17: 33878 | B17: 96.426965 | C17: =Quarterly!F17 -> 86.595363
... A128: 44013 | B128: 85.233333 | C128: =Quarterly!F128 -> 82.376189

Sheet README
A1: FRED Graph Observations
A2: Federal Reserve Economic Data, Federal Reserve Bank of St. Louis
A3: Link: https://fred.stlouisfed.org
A4: Help: https://fredhelp.stlouisfed.org
A5: This data may be copyrighted. Please refer to the Terms of Use: https://fred.stlouisfed.org/legal#fred-terms-faq
A6: File Created: 2026-10-20 3:02 pm CDT
A8: GBRPREND401IXEBQ | B8: Production: Energy: Production and distribution of electricity, gas, steam and air conditioning: Total for the United Kingdom, Index 2015=100, Quarterly, Not Seasonally Adjusted | C8: Data Updated: 2020-12-10
A10: Organization for Economic Co-operation and Development, Production: Energy: Production and distribution of electricity, gas, steam and air conditioning: Total for the United Kingdom [GBRPREND401IXEBQ], retrieved from FRED, Federal Reserve Bank of St. Louis; https://fred.stlouisfed.org/series/GBRPREND401IXEBQ, October 20, 2026.
